{
  "@context": "https://doi.org/10.5063/schema/codemeta-2.0",
  "@type": "SoftwareSourceCode",
  "identifier": "RGCCA",
  "description": "Multi-block data analysis concerns the analysis of several sets of variables (blocks) observed on the same group of individuals. The main aims of the RGCCA package are: to study the relationships between blocks and to identify subsets of variables of each block which are active in their relationships with the other blocks. This package allows to (i) run R/SGCCA and related methods, (ii) help the user to find out the optimal parameters for R/SGCCA such as regularization parameters (tau or sparsity), (iii) evaluate the stability of the RGCCA results and their significance, (iv) build predictive models from the R/SGCCA. (v) Generic print() and plot() functions apply to all these functionalities.",
  "name": "RGCCA: Regularized and Sparse Generalized Canonical Correlation\n        Analysis for Multiblock Data",
  "relatedLink": ["https://rgcca-factory.github.io/RGCCA/", "https://CRAN.R-project.org/package=RGCCA"],
  "codeRepository": "https://github.com/rgcca-factory/RGCCA",
  "issueTracker": "https://github.com/rgcca-factory/RGCCA/issues",
  "license": "https://spdx.org/licenses/GPL-3.0",
  "version": "3.0.3",
  "programmingLanguage": {
    "@type": "ComputerLanguage",
    "name": "R",
    "url": "https://r-project.org"
  },
  "runtimePlatform": "R version 4.3.0 (2023-04-21)",
  "provider": {
    "@id": "https://cran.r-project.org",
    "@type": "Organization",
    "name": "Comprehensive R Archive Network (CRAN)",
    "url": "https://cran.r-project.org"
  },
  "author": [
    {
      "@type": "Person",
      "givenName": "Fabien",
      "familyName": "Girka"
    },
    {
      "@type": "Person",
      "givenName": "Etienne",
      "familyName": "Camenen"
    },
    {
      "@type": "Person",
      "givenName": "Caroline",
      "familyName": "Peltier"
    },
    {
      "@type": "Person",
      "givenName": "Arnaud",
      "familyName": "Gloaguen"
    },
    {
      "@type": "Person",
      "givenName": "Vincent",
      "familyName": "Guillemot"
    },
    {
      "@type": "Person",
      "givenName": "Arthur",
      "familyName": "Tenenhaus",
      "email": "arthur.tenenhaus@centralesupelec.fr"
    }
  ],
  "contributor": [
    {
      "@type": "Person",
      "givenName": "Laurent",
      "familyName": "Le Brusquet"
    },
    {
      "@type": "Person",
      "givenName": "Arthur",
      "familyName": "Tenenhaus",
      "email": "arthur.tenenhaus@centralesupelec.fr"
    }
  ],
  "maintainer": [
    {
      "@type": "Person",
      "givenName": "Arthur",
      "familyName": "Tenenhaus",
      "email": "arthur.tenenhaus@centralesupelec.fr"
    }
  ],
  "softwareSuggestions": [
    {
      "@type": "SoftwareApplication",
      "identifier": "devtools",
      "name": "devtools",
      "provider": {
        "@id": "https://cran.r-project.org",
        "@type": "Organization",
        "name": "Comprehensive R Archive Network (CRAN)",
        "url": "https://cran.r-project.org"
      },
      "sameAs": "https://CRAN.R-project.org/package=devtools"
    },
    {
      "@type": "SoftwareApplication",
      "identifier": "FactoMineR",
      "name": "FactoMineR",
      "provider": {
        "@id": "https://cran.r-project.org",
        "@type": "Organization",
        "name": "Comprehensive R Archive Network (CRAN)",
        "url": "https://cran.r-project.org"
      },
      "sameAs": "https://CRAN.R-project.org/package=FactoMineR"
    },
    {
      "@type": "SoftwareApplication",
      "identifier": "knitr",
      "name": "knitr",
      "provider": {
        "@id": "https://cran.r-project.org",
        "@type": "Organization",
        "name": "Comprehensive R Archive Network (CRAN)",
        "url": "https://cran.r-project.org"
      },
      "sameAs": "https://CRAN.R-project.org/package=knitr"
    },
    {
      "@type": "SoftwareApplication",
      "identifier": "pander",
      "name": "pander",
      "provider": {
        "@id": "https://cran.r-project.org",
        "@type": "Organization",
        "name": "Comprehensive R Archive Network (CRAN)",
        "url": "https://cran.r-project.org"
      },
      "sameAs": "https://CRAN.R-project.org/package=pander"
    },
    {
      "@type": "SoftwareApplication",
      "identifier": "rmarkdown",
      "name": "rmarkdown",
      "provider": {
        "@id": "https://cran.r-project.org",
        "@type": "Organization",
        "name": "Comprehensive R Archive Network (CRAN)",
        "url": "https://cran.r-project.org"
      },
      "sameAs": "https://CRAN.R-project.org/package=rmarkdown"
    },
    {
      "@type": "SoftwareApplication",
      "identifier": "rticles",
      "name": "rticles",
      "provider": {
        "@id": "https://cran.r-project.org",
        "@type": "Organization",
        "name": "Comprehensive R Archive Network (CRAN)",
        "url": "https://cran.r-project.org"
      },
      "sameAs": "https://CRAN.R-project.org/package=rticles"
    },
    {
      "@type": "SoftwareApplication",
      "identifier": "testthat",
      "name": "testthat",
      "provider": {
        "@id": "https://cran.r-project.org",
        "@type": "Organization",
        "name": "Comprehensive R Archive Network (CRAN)",
        "url": "https://cran.r-project.org"
      },
      "sameAs": "https://CRAN.R-project.org/package=testthat"
    },
    {
      "@type": "SoftwareApplication",
      "identifier": "vdiffr",
      "name": "vdiffr",
      "provider": {
        "@id": "https://cran.r-project.org",
        "@type": "Organization",
        "name": "Comprehensive R Archive Network (CRAN)",
        "url": "https://cran.r-project.org"
      },
      "sameAs": "https://CRAN.R-project.org/package=vdiffr"
    }
  ],
  "softwareRequirements": {
    "1": {
      "@type": "SoftwareApplication",
      "identifier": "R",
      "name": "R",
      "version": ">= 3.5"
    },
    "2": {
      "@type": "SoftwareApplication",
      "identifier": "caret",
      "name": "caret",
      "provider": {
        "@id": "https://cran.r-project.org",
        "@type": "Organization",
        "name": "Comprehensive R Archive Network (CRAN)",
        "url": "https://cran.r-project.org"
      },
      "sameAs": "https://CRAN.R-project.org/package=caret"
    },
    "3": {
      "@type": "SoftwareApplication",
      "identifier": "Deriv",
      "name": "Deriv",
      "provider": {
        "@id": "https://cran.r-project.org",
        "@type": "Organization",
        "name": "Comprehensive R Archive Network (CRAN)",
        "url": "https://cran.r-project.org"
      },
      "sameAs": "https://CRAN.R-project.org/package=Deriv"
    },
    "4": {
      "@type": "SoftwareApplication",
      "identifier": "ggplot2",
      "name": "ggplot2",
      "version": ">= 3.4.0",
      "provider": {
        "@id": "https://cran.r-project.org",
        "@type": "Organization",
        "name": "Comprehensive R Archive Network (CRAN)",
        "url": "https://cran.r-project.org"
      },
      "sameAs": "https://CRAN.R-project.org/package=ggplot2"
    },
    "5": {
      "@type": "SoftwareApplication",
      "identifier": "ggrepel",
      "name": "ggrepel",
      "provider": {
        "@id": "https://cran.r-project.org",
        "@type": "Organization",
        "name": "Comprehensive R Archive Network (CRAN)",
        "url": "https://cran.r-project.org"
      },
      "sameAs": "https://CRAN.R-project.org/package=ggrepel"
    },
    "6": {
      "@type": "SoftwareApplication",
      "identifier": "graphics",
      "name": "graphics"
    },
    "7": {
      "@type": "SoftwareApplication",
      "identifier": "gridExtra",
      "name": "gridExtra",
      "provider": {
        "@id": "https://cran.r-project.org",
        "@type": "Organization",
        "name": "Comprehensive R Archive Network (CRAN)",
        "url": "https://cran.r-project.org"
      },
      "sameAs": "https://CRAN.R-project.org/package=gridExtra"
    },
    "8": {
      "@type": "SoftwareApplication",
      "identifier": "MASS",
      "name": "MASS",
      "provider": {
        "@id": "https://cran.r-project.org",
        "@type": "Organization",
        "name": "Comprehensive R Archive Network (CRAN)",
        "url": "https://cran.r-project.org"
      },
      "sameAs": "https://CRAN.R-project.org/package=MASS"
    },
    "9": {
      "@type": "SoftwareApplication",
      "identifier": "matrixStats",
      "name": "matrixStats",
      "provider": {
        "@id": "https://cran.r-project.org",
        "@type": "Organization",
        "name": "Comprehensive R Archive Network (CRAN)",
        "url": "https://cran.r-project.org"
      },
      "sameAs": "https://CRAN.R-project.org/package=matrixStats"
    },
    "10": {
      "@type": "SoftwareApplication",
      "identifier": "methods",
      "name": "methods"
    },
    "11": {
      "@type": "SoftwareApplication",
      "identifier": "parallel",
      "name": "parallel"
    },
    "12": {
      "@type": "SoftwareApplication",
      "identifier": "pbapply",
      "name": "pbapply",
      "provider": {
        "@id": "https://cran.r-project.org",
        "@type": "Organization",
        "name": "Comprehensive R Archive Network (CRAN)",
        "url": "https://cran.r-project.org"
      },
      "sameAs": "https://CRAN.R-project.org/package=pbapply"
    },
    "13": {
      "@type": "SoftwareApplication",
      "identifier": "rlang",
      "name": "rlang",
      "provider": {
        "@id": "https://cran.r-project.org",
        "@type": "Organization",
        "name": "Comprehensive R Archive Network (CRAN)",
        "url": "https://cran.r-project.org"
      },
      "sameAs": "https://CRAN.R-project.org/package=rlang"
    },
    "14": {
      "@type": "SoftwareApplication",
      "identifier": "stats",
      "name": "stats"
    },
    "SystemRequirements": null
  },
  "fileSize": "1237.747KB",
  "citation": [
    {
      "@type": "SoftwareSourceCode",
      "author": [
        {
          "@type": "Person",
          "givenName": "Fabien",
          "familyName": "Girka"
        },
        {
          "@type": "Person",
          "givenName": "Etienne",
          "familyName": "Camenen"
        },
        {
          "@type": "Person",
          "givenName": "Caroline",
          "familyName": "Peltier"
        },
        {
          "@type": "Person",
          "givenName": "Arnaud",
          "familyName": "Gloaguen"
        },
        {
          "@type": "Person",
          "givenName": "Vincent",
          "familyName": "Guillemot"
        },
        {
          "@type": "Person",
          "givenName": "Laurent",
          "familyName": "Le Brusquet"
        },
        {
          "@type": "Person",
          "givenName": "Arthur",
          "familyName": "Tenenhaus"
        }
      ],
      "name": "{RGCCA}: Regularized and Sparse Generalized Canonical Correlation Analysis for Multiblock Data",
      "url": "https://CRAN.R-project.org/package=RGCCA",
      "description": "R package version 3.0.3"
    }
  ],
  "releaseNotes": "https://github.com/rgcca-factory/RGCCA/blob/main/NEWS.md",
  "readme": "https://github.com/rgcca-factory/RGCCA/blob/main/README.md",
  "developmentStatus": "https://lifecycle.r-lib.org/articles/stages.html#stable"
}
